Dataset,Accuracy,Precision,Recall,F1,AUC
caffe.csv,0.00024612812790522973,0.05878172135535886,0.5453496680111236,0.0036105143123296027,0.001498873337151676
incubator-mxnet.csv,0.00015705228423075119,0.00015705228423075119,0.008150971593502691,0.00015705228423075119,0.00015705228423075119
keras.csv,0.00015705228423075119,0.00015705228423075119,0.13057001811573618,0.00015705228423075119,0.00015705228423075119
pytorch.csv,0.00015705228423075119,0.00015705228423075119,0.0019397281129030408,0.00021218287122257815,0.00028511808363161265
tensorflow.csv,0.00015705228423075119,0.00015705228423075119,0.00015705228423075119,0.00015705228423075119,0.00015705228423075119
