Dataset,Accuracy,Precision,Recall,F1,AUC
tensorflow,0.9104026845637584,0.8584532500550166,0.8353563804529743,0.845139762473783,0.9524395807068935
