Dataset,Accuracy,Precision,Recall,F1,AUC
tensorflow.csv,0.00015705228423075119,0.00015705228423075119,0.00015705228423075119,0.00015705228423075119,0.00015705228423075119
