Dataset,Accuracy,Precision,Recall,F1,AUC
tensorflow.csv,0.04125001659393949,0.015564411386633814,0.04936619475193269,0.028365505605209992,0.006501702373081825
